layer,k,alpha_mean_or_formula_inputs,pilot_margin_mean,pilot_margin_std,n_examples_or_trials,selected_for_layer
0,0.05,k=0.05*mean_hidden_norm=31.0858=alpha=1.5543,0.0014622242888435721,0.010157830081880093,40,False
0,0.1,k=0.1*mean_hidden_norm=31.0858=alpha=3.1086,0.005662174429744482,0.026138171553611755,40,False
0,0.2,k=0.2*mean_hidden_norm=31.0858=alpha=6.2172,0.016739243641495705,0.043511901050806046,40,False
0,0.3,k=0.3*mean_hidden_norm=31.0858=alpha=9.3257,0.016723282635211945,0.04292760416865349,40,False
0,0.4,k=0.4*mean_hidden_norm=31.0858=alpha=12.4343,0.017692292109131813,0.05518575757741928,40,False
0,0.6,k=0.6*mean_hidden_norm=31.0858=alpha=18.6515,-0.0055842213332653046,0.06225759536027908,40,False
0,0.8,k=0.8*mean_hidden_norm=31.0858=alpha=24.8686,-0.002128234598785639,0.0704755187034607,40,False
0,1.0,k=1.0*mean_hidden_norm=31.0858=alpha=31.0858,0.022044893354177475,0.07265740633010864,40,True
0,1.6,k=1.6*mean_hidden_norm=31.0858=alpha=49.7372,-0.001987536670640111,0.07336882501840591,40,False
0,2.4,k=2.4*mean_hidden_norm=31.0858=alpha=74.6059,-0.0007032941794022918,0.0639844760298729,40,False
0,3.2,k=3.2*mean_hidden_norm=31.0858=alpha=99.4745,-0.0061601451598107815,0.0698021948337555,40,False
0,4.8,k=4.8*mean_hidden_norm=31.0858=alpha=149.2117,-0.012919589877128601,0.0639655739068985,40,False
0,6.4,k=6.4*mean_hidden_norm=31.0858=alpha=198.9490,-0.017853762954473495,0.0626007616519928,40,False
0,8.0,k=8.0*mean_hidden_norm=31.0858=alpha=248.6862,-0.01682330295443535,0.06931193917989731,40,False
3,0.05,k=0.05*mean_hidden_norm=36.4476=alpha=1.8224,-0.0017460169037804008,0.011129679158329964,40,False
3,0.1,k=0.1*mean_hidden_norm=36.4476=alpha=3.6448,-0.0015993185807019472,0.01508137583732605,40,False
3,0.2,k=0.2*mean_hidden_norm=36.4476=alpha=7.2895,-0.0019992575980722904,0.01737286150455475,40,False
3,0.3,k=0.3*mean_hidden_norm=36.4476=alpha=10.9343,-0.0024072849191725254,0.02988629788160324,40,False
3,0.4,k=0.4*mean_hidden_norm=36.4476=alpha=14.5790,-0.0064631314016878605,0.03150571137666702,40,False
3,0.6,k=0.6*mean_hidden_norm=36.4476=alpha=21.8685,-0.009540448896586895,0.05070437490940094,40,False
3,0.8,k=0.8*mean_hidden_norm=36.4476=alpha=29.1580,0.002369328634813428,0.06198698654770851,40,False
3,1.0,k=1.0*mean_hidden_norm=36.4476=alpha=36.4476,-0.002273380057886243,0.07996981590986252,40,False
3,1.6,k=1.6*mean_hidden_norm=36.4476=alpha=58.3161,-0.01233389787375927,0.07498989254236221,40,False
3,2.4,k=2.4*mean_hidden_norm=36.4476=alpha=87.4741,0.01143156923353672,0.08175840973854065,40,True
3,3.2,k=3.2*mean_hidden_norm=36.4476=alpha=116.6322,-0.0028974353335797787,0.07104911655187607,40,False
3,4.8,k=4.8*mean_hidden_norm=36.4476=alpha=174.9482,-0.008617797866463661,0.0686519667506218,40,False
3,6.4,k=6.4*mean_hidden_norm=36.4476=alpha=233.2643,-0.0066733090206980705,0.07326357811689377,40,False
3,8.0,k=8.0*mean_hidden_norm=36.4476=alpha=291.5804,0.007948439568281174,0.07293763756752014,40,False
5,0.05,k=0.05*mean_hidden_norm=45.1431=alpha=2.2572,0.0015512969112023711,0.01482157688587904,40,False
5,0.1,k=0.1*mean_hidden_norm=45.1431=alpha=4.5143,0.0024873267393559217,0.01659507118165493,40,False
5,0.2,k=0.2*mean_hidden_norm=45.1431=alpha=9.0286,0.006827829871326685,0.028143085539340973,40,False
5,0.3,k=0.3*mean_hidden_norm=45.1431=alpha=13.5429,0.008426003158092499,0.04839294031262398,40,False
5,0.4,k=0.4*mean_hidden_norm=45.1431=alpha=18.0572,0.006911500357091427,0.04533854499459267,40,False
5,0.6,k=0.6*mean_hidden_norm=45.1431=alpha=27.0859,0.0001828309177653864,0.05296092852950096,40,False
5,0.8,k=0.8*mean_hidden_norm=45.1431=alpha=36.1145,0.003385725896805525,0.042123083025217056,40,False
5,1.0,k=1.0*mean_hidden_norm=45.1431=alpha=45.1431,0.0024881199933588505,0.04712376371026039,40,False
5,1.6,k=1.6*mean_hidden_norm=45.1431=alpha=72.2290,-0.0007538974168710411,0.08244860172271729,40,False
5,2.4,k=2.4*mean_hidden_norm=45.1431=alpha=108.3434,0.009157962165772915,0.07519479840993881,40,False
5,3.2,k=3.2*mean_hidden_norm=45.1431=alpha=144.4579,0.019306469708681107,0.08280722051858902,40,False
5,4.8,k=4.8*mean_hidden_norm=45.1431=alpha=216.6869,0.001391087076626718,0.0611485131084919,40,False
5,6.4,k=6.4*mean_hidden_norm=45.1431=alpha=288.9158,0.015341585502028465,0.0692615807056427,40,False
5,8.0,k=8.0*mean_hidden_norm=45.1431=alpha=361.1448,0.04263816773891449,0.08542944490909576,40,True
8,0.05,k=0.05*mean_hidden_norm=50.1956=alpha=2.5098,-0.00027095217956230044,0.008733569644391537,40,False
8,0.1,k=0.1*mean_hidden_norm=50.1956=alpha=5.0196,0.0013681991258636117,0.020176999270915985,40,False
8,0.2,k=0.2*mean_hidden_norm=50.1956=alpha=10.0391,-0.00014905519492458552,0.02884192392230034,40,False
8,0.3,k=0.3*mean_hidden_norm=50.1956=alpha=15.0587,0.0017466278513893485,0.03489524871110916,40,False
8,0.4,k=0.4*mean_hidden_norm=50.1956=alpha=20.0783,-0.0011855110060423613,0.05645260587334633,40,False
8,0.6,k=0.6*mean_hidden_norm=50.1956=alpha=30.1174,-0.001029397128149867,0.056900084018707275,40,False
8,0.8,k=0.8*mean_hidden_norm=50.1956=alpha=40.1565,0.006468308158218861,0.05425184965133667,40,False
8,1.0,k=1.0*mean_hidden_norm=50.1956=alpha=50.1956,0.017677437514066696,0.05059540271759033,40,False
8,1.6,k=1.6*mean_hidden_norm=50.1956=alpha=80.3130,0.0017911115428432822,0.056517940014600754,40,False
8,2.4,k=2.4*mean_hidden_norm=50.1956=alpha=120.4695,0.005974692292511463,0.05739206448197365,40,False
8,3.2,k=3.2*mean_hidden_norm=50.1956=alpha=160.6260,0.005369433201849461,0.06412230432033539,40,False
8,4.8,k=4.8*mean_hidden_norm=50.1956=alpha=240.9391,0.008999486453831196,0.07226747274398804,40,False
8,6.4,k=6.4*mean_hidden_norm=50.1956=alpha=321.2521,0.005660317372530699,0.07842309772968292,40,False
8,8.0,k=8.0*mean_hidden_norm=50.1956=alpha=401.5651,0.0279233455657959,0.09055361151695251,40,True
10,0.05,k=0.05*mean_hidden_norm=57.5949=alpha=2.8797,0.0031828545033931732,0.014127634465694427,40,False
10,0.1,k=0.1*mean_hidden_norm=57.5949=alpha=5.7595,0.007089423947036266,0.020174875855445862,40,False
10,0.2,k=0.2*mean_hidden_norm=57.5949=alpha=11.5190,0.0026794809382408857,0.030107198283076286,40,False
10,0.3,k=0.3*mean_hidden_norm=57.5949=alpha=17.2785,0.0020129443146288395,0.03514785319566727,40,False
10,0.4,k=0.4*mean_hidden_norm=57.5949=alpha=23.0380,0.002330934163182974,0.05143405869603157,40,False
10,0.6,k=0.6*mean_hidden_norm=57.5949=alpha=34.5569,0.0035820347256958485,0.04253939911723137,40,False
10,0.8,k=0.8*mean_hidden_norm=57.5949=alpha=46.0759,0.0027714294847100973,0.0367216058075428,40,False
10,1.0,k=1.0*mean_hidden_norm=57.5949=alpha=57.5949,0.0009395420784130692,0.04350338131189346,40,False
10,1.6,k=1.6*mean_hidden_norm=57.5949=alpha=92.1519,0.01453857310116291,0.04466358199715614,40,True
10,2.4,k=2.4*mean_hidden_norm=57.5949=alpha=138.2278,0.0012384181609377265,0.04246918484568596,40,False
10,3.2,k=3.2*mean_hidden_norm=57.5949=alpha=184.3037,0.0006049245712347329,0.05976765975356102,40,False
10,4.8,k=4.8*mean_hidden_norm=57.5949=alpha=276.4556,-0.00012290924496483058,0.08292044699192047,40,False
10,6.4,k=6.4*mean_hidden_norm=57.5949=alpha=368.6074,-0.007411628030240536,0.09861624240875244,40,False
10,8.0,k=8.0*mean_hidden_norm=57.5949=alpha=460.7593,-0.016026893630623817,0.07738465070724487,40,False
12,0.05,k=0.05*mean_hidden_norm=91.5555=alpha=4.5778,0.002554242266342044,0.014565213583409786,40,False
12,0.1,k=0.1*mean_hidden_norm=91.5555=alpha=9.1555,0.0013241173001006246,0.020371751859784126,40,False
12,0.2,k=0.2*mean_hidden_norm=91.5555=alpha=18.3111,0.008946558460593224,0.035463184118270874,40,True
12,0.3,k=0.3*mean_hidden_norm=91.5555=alpha=27.4666,0.00820413138717413,0.04716239497065544,40,False
12,0.4,k=0.4*mean_hidden_norm=91.5555=alpha=36.6222,0.002660797443240881,0.04786992818117142,40,False
12,0.6,k=0.6*mean_hidden_norm=91.5555=alpha=54.9333,0.0016961336368694901,0.0486801452934742,40,False
12,0.8,k=0.8*mean_hidden_norm=91.5555=alpha=73.2444,0.00022581926896236837,0.045507851988077164,40,False
12,1.0,k=1.0*mean_hidden_norm=91.5555=alpha=91.5555,-0.0038690268993377686,0.0396471731364727,40,False
12,1.6,k=1.6*mean_hidden_norm=91.5555=alpha=146.4888,-0.0023352373391389847,0.04827164113521576,40,False
12,2.4,k=2.4*mean_hidden_norm=91.5555=alpha=219.7332,-0.003805247601121664,0.07210636138916016,40,False
12,3.2,k=3.2*mean_hidden_norm=91.5555=alpha=292.9776,-0.0006309893215075135,0.08225235342979431,40,False
12,4.8,k=4.8*mean_hidden_norm=91.5555=alpha=439.4664,-0.0012284498661756516,0.09539638459682465,40,False
12,6.4,k=6.4*mean_hidden_norm=91.5555=alpha=585.9552,-0.0039648436941206455,0.08632992953062057,40,False
12,8.0,k=8.0*mean_hidden_norm=91.5555=alpha=732.4440,-0.00962038617581129,0.09043137729167938,40,False
15,0.05,k=0.05*mean_hidden_norm=100.6389=alpha=5.0319,0.0022054731380194426,0.012663532979786396,40,False
15,0.1,k=0.1*mean_hidden_norm=100.6389=alpha=10.0639,0.004248236306011677,0.017391962930560112,40,False
15,0.2,k=0.2*mean_hidden_norm=100.6389=alpha=20.1278,0.006945377681404352,0.03447725623846054,40,False
15,0.3,k=0.3*mean_hidden_norm=100.6389=alpha=30.1917,0.00976252369582653,0.0376255102455616,40,False
15,0.4,k=0.4*mean_hidden_norm=100.6389=alpha=40.2556,0.008110305294394493,0.038412559777498245,40,False
15,0.6,k=0.6*mean_hidden_norm=100.6389=alpha=60.3834,0.009829460643231869,0.04090024530887604,40,False
15,0.8,k=0.8*mean_hidden_norm=100.6389=alpha=80.5112,0.008021744899451733,0.049924276769161224,40,False
15,1.0,k=1.0*mean_hidden_norm=100.6389=alpha=100.6389,0.017407182604074478,0.05075034871697426,40,False
15,1.6,k=1.6*mean_hidden_norm=100.6389=alpha=161.0223,0.015237214975059032,0.06110023334622383,40,False
15,2.4,k=2.4*mean_hidden_norm=100.6389=alpha=241.5335,0.01764155924320221,0.0769798681139946,40,False
15,3.2,k=3.2*mean_hidden_norm=100.6389=alpha=322.0446,0.023413583636283875,0.08504189550876617,40,True
15,4.8,k=4.8*mean_hidden_norm=100.6389=alpha=483.0669,0.018595492467284203,0.09202869981527328,40,False
15,6.4,k=6.4*mean_hidden_norm=100.6389=alpha=644.0892,0.010066972114145756,0.08442164957523346,40,False
15,8.0,k=8.0*mean_hidden_norm=100.6389=alpha=805.1115,0.011922353878617287,0.08350475132465363,40,False
