Encoder,H,m,mean_S_probe,mean_S_rollout,mean_Delta,CI_low,CI_high,excludes_zero
MiniLM,16,3,0.45043908703562835,0.4058737465655044,0.04456534047012401,-0.002778831191681675,0.09128184017530619,False
MiniLM,16,5,0.45043908703562835,0.5825183876499589,-0.13207930061433062,-0.1806452015152843,-0.08426916686848894,True
MiniLM,16,10,0.45043908703562835,0.8349612089438773,-0.38452212190824897,-0.42029527360030616,-0.3483620940628926,True
MiniLM,16,20,0.45043908703562835,0.9391823519418775,-0.4887432649062491,-0.5197473614650062,-0.45766604645456627,True
MiniLM,48,3,0.43629994609190187,0.3102643408494642,0.1260356052424378,0.08130461023895763,0.1692991382247313,True
MiniLM,48,5,0.43629994609190187,0.45939367110267326,-0.023093725010771202,-0.0743288932848793,0.02627082875190949,False
MiniLM,48,10,0.43629994609190187,0.6806880629548281,-0.24438811686292605,-0.28532188359119937,-0.20379773824544828,True
MiniLM,48,20,0.43629994609190187,0.8659070281269047,-0.4296070820350023,-0.4660073448329568,-0.3936965954678044,True
MiniLM,96,3,0.41642689808139477,0.27317257903675907,0.14325431904463565,0.10026413981406239,0.1854301563692761,True
MiniLM,96,5,0.41642689808139477,0.40441872339350304,0.012008174687891657,-0.038379331874332734,0.06077712881551662,False
MiniLM,96,10,0.41642689808139477,0.5984582362426005,-0.18203133816120595,-0.22512408336802553,-0.14021269125124058,True
MiniLM,96,20,0.41642689808139477,0.7818269301383226,-0.36540003205692767,-0.40515418930308117,-0.3256006443565938,True
MiniLM,192,3,0.4280161272542158,0.2435895666412213,0.18442656061299445,0.14341466660766466,0.22350751443844122,True
MiniLM,192,5,0.4280161272542158,0.35240884584386756,0.07560728141034825,0.02775602639609751,0.12104973137855271,True
MiniLM,192,10,0.4280161272542158,0.5232724900785678,-0.09525636282435211,-0.13741293728817863,-0.05406015865457771,True
MiniLM,192,20,0.4280161272542158,0.6940746005062,-0.26605847325198423,-0.30599511740348645,-0.22648788433111985,True
MiniLM,256,3,0.44207072487218213,0.2358242667713111,0.206246458100871,0.16610473140258578,0.24498157755306785,True
MiniLM,256,5,0.44207072487218213,0.33850167814345655,0.10356904672872558,0.05655255664416838,0.1479742183317603,True
MiniLM,256,10,0.44207072487218213,0.4996232658812251,-0.05755254100904321,-0.10033108680336292,-0.015860900617079177,True
MiniLM,256,20,0.44207072487218213,0.6648713288512564,-0.22280060397907445,-0.26249540694215767,-0.18341506522653878,True
BGE,16,3,0.6982433643361368,0.6410146898613722,0.05722867447476452,0.033865519386418484,0.08012333183082046,True
BGE,16,5,0.6982433643361368,0.7365828989070877,-0.03833953457095117,-0.06087270700704567,-0.015484029635757962,True
BGE,16,10,0.6982433643361368,0.8884983020825197,-0.19025493774638286,-0.20649418393106214,-0.174722028919284,True
BGE,16,20,0.6982433643361368,0.9472349661499516,-0.24899160181381474,-0.2632927594243113,-0.2351242442371086,True
BGE,48,3,0.7137644856881122,0.6023598424890619,0.11140464319905012,0.09274828088582968,0.1297614154670886,True
BGE,48,5,0.7137644856881122,0.6778389398703792,0.035925545817732996,0.015773836270008192,0.05543861973187521,True
BGE,48,10,0.7137644856881122,0.7968803539779054,-0.08311586828979337,-0.0989534642450312,-0.0670979435761539,True
BGE,48,20,0.7137644856881122,0.9023190750159196,-0.18855458932780744,-0.20251068494912644,-0.17466396308976634,True
BGE,96,3,0.7242588850893223,0.5916436861258652,0.13261519896345736,0.11460935018996457,0.15035999914757603,True
BGE,96,5,0.7242588850893223,0.6599148544854349,0.0643440306038874,0.04411541747587597,0.08378779047433776,True
BGE,96,10,0.7242588850893223,0.7638961816073382,-0.03963729651801565,-0.05648212226281866,-0.022679657996951364,True
BGE,96,20,0.7242588850893223,0.8624029373551603,-0.13814405226583815,-0.1527126937863147,-0.12385115901970713,True
BGE,192,3,0.7447806651904473,0.5899012347231034,0.15487943046734406,0.1363160824784775,0.17257448458188288,True
BGE,192,5,0.7447806651904473,0.6558501779697378,0.0889304872207096,0.06826518338956365,0.10899192216174056,True
BGE,192,10,0.7447806651904473,0.7543630805202768,-0.009582415329829367,-0.027998693763677134,0.008561448776894074,False
BGE,192,20,0.7447806651904473,0.8463160067670832,-0.10153534157663575,-0.11712328543119115,-0.08570070183023842,True
BGE,256,3,0.7473115827542368,0.584898985142978,0.16241259761125876,0.14376776748170586,0.1803628628973995,True
BGE,256,5,0.7473115827542368,0.6500566458732352,0.09725493688100163,0.07632794877318412,0.11751004105306588,True
BGE,256,10,0.7473115827542368,0.7460763095760083,0.0012352731782283406,-0.017482047642915326,0.019717061274992558,False
BGE,256,20,0.7473115827542368,0.8369422122417146,-0.08963062948747785,-0.10586592604157806,-0.07295697638031182,True
E5,16,3,0.8640997913786735,0.8126470513324561,0.05145274004621742,0.042434321305014684,0.06040389363095127,True
E5,16,5,0.8640997913786735,0.8554324177289417,0.008667373649732045,-0.0007925613065767633,0.018063159021790606,False
E5,16,10,0.8640997913786735,0.9352789917350786,-0.07117920035640503,-0.07878372518629051,-0.06375939494409226,True
E5,16,20,0.8640997913786735,0.9689669450073154,-0.10486715362864184,-0.11094561237784085,-0.09876293343762554,True
E5,48,3,0.8656409904609677,0.7832166004803579,0.08242438998060957,0.07497279404812433,0.0896833341102273,True
E5,48,5,0.8656409904609677,0.8136098553898022,0.052031135071165475,0.04333623529560968,0.06036519792106839,True
E5,48,10,0.8656409904609677,0.8686650066580321,-0.0030240161970645284,-0.011276133981523858,0.005100747808207701,False
E5,48,20,0.8656409904609677,0.9357145071840061,-0.07007351672303835,-0.07682060009071676,-0.06336806495164386,True
E5,96,3,0.8616137922058682,0.7727897030919529,0.08882408911391515,0.08107890219536838,0.09621245078192311,True
E5,96,5,0.8616137922058682,0.8004562476753014,0.06115754453056696,0.05198120622356011,0.06996762217404416,True
E5,96,10,0.8616137922058682,0.8497524439317828,0.011861348274085432,0.003124609005838914,0.020679062724908392,True
E5,96,20,0.8616137922058682,0.9130791622873151,-0.051465370081446825,-0.05852968879368115,-0.04428935866485226,True
E5,192,3,0.8650214043152867,0.7732000547203245,0.09182134959496248,0.08454266787634519,0.098838853093473,True
E5,192,5,0.8650214043152867,0.7997168135570564,0.06530459075823039,0.056165164430284686,0.07429514228287425,True
E5,192,10,0.8650214043152867,0.8439357823922465,0.021085621923040098,0.012366233955077478,0.029847468837245796,True
E5,192,20,0.8650214043152867,0.8998685257196597,-0.0348471214043729,-0.04145841831093838,-0.02813224586295888,True
E5,256,3,0.8675332407279177,0.7734533840020417,0.09407985672587614,0.08697434986320547,0.10085420712147246,True
E5,256,5,0.8675332407279177,0.7983013889428724,0.0692318517850456,0.06047976681392839,0.07789886684951093,True
E5,256,10,0.8675332407279177,0.8396103512514497,0.027922889476468326,0.019297722131809525,0.036531070310657554,True
E5,256,20,0.8675332407279177,0.8938207312603772,-0.026287490532459313,-0.03283900686437849,-0.019638321501358993,True
